Workbook

Sheet Varsayımlar
A1: arsam.net / ParselQ — Yıllık Hedef Pay Modeli · Varsayımlar
A2: Mavi = formül (otomatik hesap) · Yeşil = elle veri girişi · Sarı = kritik varsayım
A4: 2024 PAZAR BAZ VERİSİ (kaynak — bizim değil, pazar referansı)
A5: Toplam taşınmaz satışı (2024) | B5: 3065872 | C5: Kaynak: TKGM/TÜİK 2024 · % hesabının paydası
A6: Arsa + tarla + ticari (2024) | B6: 1587847 | C6: Kaynak: TKGM/TÜİK 2024
A7: Konut (2024) | B7: 1478025 | C7: Kaynak: TKGM/TÜİK 2024
A8: Arsa segment payı (hesap) | B8: =B6/B5 | C8: Arsa+tarla+ticari / toplam
A9: Kontrol: Arsa + Konut | B9: =B6+B7 | C9: B5 (toplam) ile eşit olmalı
A10: Kontrol farkı | B10: =B5-B9 | C10: 0 olmalı
A12: BÜYÜME VARSAYIMI (elle düzenlenebilir)
A13: Pazar işlem büyümesi (yıllık CAGR) | B13: 0.02 | C13: 2025-26 oynak; muhafazakâr varsayım
A15: ONLINE PENETRASYON (arsa işlemlerinin online oranı)
A16: Online penetrasyon — 2024 başlangıç | B16: 0.1 | C16: Arsa işlemlerinde tahmini online pay
A17: Online penetrasyon — 2032 hedef (medyan) | B17: 0.28 | C17: Dijitalleşme hedefi
A18: Senaryo faktörü — Kötümser | B18: 0.75 | C18: Yavaş dijitalleşme
A19: Senaryo faktörü — Medyan | B19: 1 | C19: Plan baz
A20: Senaryo faktörü — İyimser | B20: 1.25 | C20: Hızlı dijitalleşme
A22: GELİR KÖPRÜSÜ (deck ile tutarlı)
A23: 2032 gelir hedefi — Kötümser (₺) | B23: 2687142857 | C23: Deck Bölüm 06/13
A24: 2032 gelir hedefi — Medyan (₺) | B24: 5971428571 | C24: Deck Bölüm 06/08/13
A25: 2032 gelir hedefi — İyimser (₺) | B25: 9852857143 | C25: Deck Bölüm 06/13
A27: Zaman çizgisi: yazılım ~Ağustos 2026 hazır → GTM → 2026 H2 soft-launch ile pay almaya başlanır. Plan 2026'da başlar.

Sheet Yıllık Hedef Planı
A1: Yıllık Hedef Planı (2026 → 2032 · Medyan)
A2: 2032'de 3.065.872 tabanının hedef payı → | H2: =H11
A3: (eşittir: online arsa pazarının %38 hedef payı — deck Bölüm 06 ile tutarlı)
A4: Yıl | B4: Toplam işlem (adet) | C4: Arsa segmenti (adet) | D4: Online penetrasyon | E4: Online arsa işlem (adet) | F4: Bizim payımız (online) | G4: Bizim işlem (adet) | H4: % — 2024 tabanı (3.065.872) | I4: % — o yılki toplam | J4: % — arsa segmenti
A5: 2026 | B5: =Varsayımlar!$B$5*(1+Varsayımlar!$B$13)^($A5-2024) | C5: =B5*Varsayımlar!$B$8 | D5: =(Varsayımlar!$B$16+(Varsayımlar!$B$17-Varsayımlar!$B$16)*(($A5-2024)/8))*Varsayımlar!$B$19 | E5: =C5*D5 | F5: 0.0054 | G5: =E5*F5 | H5: =G5/Varsayımlar!$B$5 | I5: =G5/B5 | J5: =G5/C5
A6: 2027 | B6: =Varsayımlar!$B$5*(1+Varsayımlar!$B$13)^($A6-2024) | C6: =B6*Varsayımlar!$B$8 | D6: =(Varsayımlar!$B$16+(Varsayımlar!$B$17-Varsayımlar!$B$16)*(($A6-2024)/8))*Varsayımlar!$B$19 | E6: =C6*D6 | F6: 0.0326 | G6: =E6*F6 | H6: =G6/Varsayımlar!$B$5 | I6: =G6/B6 | J6: =G6/C6
A7: 2028 | B7: =Varsayımlar!$B$5*(1+Varsayımlar!$B$13)^($A7-2024) | C7: =B7*Varsayımlar!$B$8 | D7: =(Varsayımlar!$B$16+(Varsayımlar!$B$17-Varsayımlar!$B$16)*(($A7-2024)/8))*Varsayımlar!$B$19 | E7: =C7*D7 | F7: 0.0869 | G7: =E7*F7 | H7: =G7/Varsayımlar!$B$5 | I7: =G7/B7 | J7: =G7/C7
A8: 2029 | B8: =Varsayımlar!$B$5*(1+Varsayımlar!$B$13)^($A8-2024) | C8: =B8*Varsayımlar!$B$8 | D8: =(Varsayımlar!$B$16+(Varsayımlar!$B$17-Varsayımlar!$B$16)*(($A8-2024)/8))*Varsayımlar!$B$19 | E8: =C8*D8 | F8: 0.1737 | G8: =E8*F8 | H8: =G8/Varsayımlar!$B$5 | I8: =G8/B8 | J8: =G8/C8
A9: 2030 | B9: =Varsayımlar!$B$5*(1+Varsayımlar!$B$13)^($A9-2024) | C9: =B9*Varsayımlar!$B$8 | D9: =(Varsayımlar!$B$16+(Varsayımlar!$B$17-Varsayımlar!$B$16)*(($A9-2024)/8))*Varsayımlar!$B$19 | E9: =C9*D9 | F9: 0.2714 | G9: =E9*F9 | H9: =G9/Varsayımlar!$B$5 | I9: =G9/B9 | J9: =G9/C9
A10: 2031 | B10: =Varsayımlar!$B$5*(1+Varsayımlar!$B$13)^($A10-2024) | C10: =B10*Varsayımlar!$B$8 | D10: =(Varsayımlar!$B$16+(Varsayımlar!$B$17-Varsayımlar!$B$16)*(($A10-2024)/8))*Varsayımlar!$B$19 | E10: =C10*D10 | F10: 0.3366 | G10: =E10*F10 | H10: =G10/Varsayımlar!$B$5 | I10: =G10/B10 | J10: =G10/C10
A11: 2032 | B11: =Varsayımlar!$B$5*(1+Varsayımlar!$B$13)^($A11-2024) | C11: =B11*Varsayımlar!$B$8 | D11: =(Varsayımlar!$B$16+(Varsayımlar!$B$17-Varsayımlar!$B$16)*(($A11-2024)/8))*Varsayımlar!$B$19 | E11: =C11*D11 | F11: 0.38 | G11: =E11*F11 | H11: =G11/Varsayımlar!$B$5 | I11: =G11/B11 | J11: =G11/C11
A13: Not: "Bizim payımız" (yeşil) elle girilen deck-kanonik rampadır → 2032'de %38. 2026 = yazılım ~Ağustos hazır → GTM → H2 soft-launch (%0,5). Mavi hücreler formüldür.
A14: Formül: Bizim işlem = Arsa segmenti × Online penetrasyon × Bizim payımız. % (2024 tabanı) = Bizim işlem / 3.065.872 (sabit pazar referansı).

Sheet Senaryo Bandı
A1: Senaryo Bandı — 3.065.872 tabanının hedef payı (2026 → 2032)
A2: Senaryolar online penetrasyon hızında ayrışır; payımız her senaryoda %38'e ulaşır. Tüm hücreler formül (mavi).
B4: Kötümser | D4: Medyan | F4: İyimser
A5: Yıl | B5: İşlem (adet) | C5: % taban | D5: İşlem (adet) | E5: % taban | F5: İşlem (adet) | G5: % taban
A6: 2026 | B6: ='Yıllık Hedef Planı'!G5*(Varsayımlar!$B$18/Varsayımlar!$B$19) | C6: =B6/Varsayımlar!$B$5 | D6: ='Yıllık Hedef Planı'!G5*(Varsayımlar!$B$19/Varsayımlar!$B$19) | E6: =D6/Varsayımlar!$B$5 | F6: ='Yıllık Hedef Planı'!G5*(Varsayımlar!$B$20/Varsayımlar!$B$19) | G6: =F6/Varsayımlar!$B$5
A7: 2027 | B7: ='Yıllık Hedef Planı'!G6*(Varsayımlar!$B$18/Varsayımlar!$B$19) | C7: =B7/Varsayımlar!$B$5 | D7: ='Yıllık Hedef Planı'!G6*(Varsayımlar!$B$19/Varsayımlar!$B$19) | E7: =D7/Varsayımlar!$B$5 | F7: ='Yıllık Hedef Planı'!G6*(Varsayımlar!$B$20/Varsayımlar!$B$19) | G7: =F7/Varsayımlar!$B$5
A8: 2028 | B8: ='Yıllık Hedef Planı'!G7*(Varsayımlar!$B$18/Varsayımlar!$B$19) | C8: =B8/Varsayımlar!$B$5 | D8: ='Yıllık Hedef Planı'!G7*(Varsayımlar!$B$19/Varsayımlar!$B$19) | E8: =D8/Varsayımlar!$B$5 | F8: ='Yıllık Hedef Planı'!G7*(Varsayımlar!$B$20/Varsayımlar!$B$19) | G8: =F8/Varsayımlar!$B$5
A9: 2029 | B9: ='Yıllık Hedef Planı'!G8*(Varsayımlar!$B$18/Varsayımlar!$B$19) | C9: =B9/Varsayımlar!$B$5 | D9: ='Yıllık Hedef Planı'!G8*(Varsayımlar!$B$19/Varsayımlar!$B$19) | E9: =D9/Varsayımlar!$B$5 | F9: ='Yıllık Hedef Planı'!G8*(Varsayımlar!$B$20/Varsayımlar!$B$19) | G9: =F9/Varsayımlar!$B$5
A10: 2030 | B10: ='Yıllık Hedef Planı'!G9*(Varsayımlar!$B$18/Varsayımlar!$B$19) | C10: =B10/Varsayımlar!$B$5 | D10: ='Yıllık Hedef Planı'!G9*(Varsayımlar!$B$19/Varsayımlar!$B$19) | E10: =D10/Varsayımlar!$B$5 | F10: ='Yıllık Hedef Planı'!G9*(Varsayımlar!$B$20/Varsayımlar!$B$19) | G10: =F10/Varsayımlar!$B$5
A11: 2031 | B11: ='Yıllık Hedef Planı'!G10*(Varsayımlar!$B$18/Varsayımlar!$B$19) | C11: =B11/Varsayımlar!$B$5 | D11: ='Yıllık Hedef Planı'!G10*(Varsayımlar!$B$19/Varsayımlar!$B$19) | E11: =D11/Varsayımlar!$B$5 | F11: ='Yıllık Hedef Planı'!G10*(Varsayımlar!$B$20/Varsayımlar!$B$19) | G11: =F11/Varsayımlar!$B$5
A12: 2032 | B12: ='Yıllık Hedef Planı'!G11*(Varsayımlar!$B$18/Varsayımlar!$B$19) | C12: =B12/Varsayımlar!$B$5 | D12: ='Yıllık Hedef Planı'!G11*(Varsayımlar!$B$19/Varsayımlar!$B$19) | E12: =D12/Varsayımlar!$B$5 | F12: ='Yıllık Hedef Planı'!G11*(Varsayımlar!$B$20/Varsayımlar!$B$19) | G12: =F12/Varsayımlar!$B$5
A14: 2032 satırı = nihai hedef bandı. Medyan ≈ plan; kötümser/iyimser yalnızca online penetrasyon hızıyla ayrışır.

Sheet Gelir Köprüsü
A1: Gelir Köprüsü — işlem hedefi ↔ gelir hedefi (2032)
A2: Hedeflenen işlem adedi, deck'teki gelir hedefiyle tutarlı mı? Tüm değerler formül (mavi).
A4: Senaryo | B4: 2032 gelir hedefi (₺) | C4: 2032 hedef işlem (adet) | D4: İşlem başına ima edilen gelir (₺)
A5: Kötümser | B5: =Varsayımlar!$B$23 | C5: ='Senaryo Bandı'!B12 | D5: =B5/C5
A6: Medyan | B6: =Varsayımlar!$B$24 | C6: ='Senaryo Bandı'!D12 | D6: =B6/C6
A7: İyimser | B7: =Varsayımlar!$B$25 | C7: ='Senaryo Bandı'!F12 | D7: =B7/C7
A9: Yorum: Medyan senaryoda işlem başına ima edilen gelir, çok-akışlı modelle (ilan + ParselQ-RFQ + emlakçı + veri + reklam + SaaS + hizmet) tutarlıdır.
